{
    "Norshingdi": [
        "Norshingdi Sadar",
        "Monorhordi",
        "Shibpur",
        "Palash",
        "Belab",
        "Raipura"
    ],
    "Narayangonj": [
        "Narayangonj Sadar",
        "Bandor",
        "Sonargaon",
        "Arai Hazar",
        "Rupgonj"
    ],
    "Munshigonj":[
        "Munshigonj Sadar",
        "Tungibari",
        "Louhagonj",
        "Sree Nagar",
        "Sirajdi Khan",
        "Gazaria"
    ],
    "Gazipur": [
        "Gazipur Sadar",
        "Tongi",
        "kaligonj",
        "Kaliakoir",
        "Kapashia",
        "Sreepur"
    ],
    "Manikgonj":[
        "Manikgonj Sadar",
        "Singair",
        "Daulatpur",
        "Horirampur",
        "Gheor",
        "Shibaloy",
        "Saturia"
    ],
    "Dhaka" :[
        "Kadamtali",
        "Kafrul",
        "Kalabagan",
        "Kamrangirchar",
        "Khilgaon",
        "Khilkhet",
        "Kotwali",
        "Lalbagh",
        "Mirpur Model",
        "New Market",
        "Pallabi",
        "Paltan",
        "Panthapath",
        "Ramna",
        "Adabar",
        "Badda",
        "Bangsal",
        "Bimanbandar",
        "Cantonment",
        "Chowkbazar",
        "Darus Salam",
        "Demra",
        "Dakshinkhan",
        "Dhanmondi",
        "Gendaria",
        "Gulshan",
        "Hazaribagh",
        "Jatrabari",
        "Sabujbagh",
        "Shah Ali",
        "Shahbag",
        "Sher E Bangla Nagar",
        "Shympur",
        "Sutrapur",
        "Tejgaon",
        "Turag",
        "Uttarkhan",
        "Vatara",
        "Wari",
        "Mugda",
        "Rupnagar",
        "Vasantek",
        "Banani",
        "Shahjahanpur",
        "Uttara Model",
        "Uttara Poschim",
        "Tejgaon Industrial",
        "Rampura",
        "Motijhil",
        "Hatirjheel",
        "Keranigonj",
        "Dohar",
        "Nawabgonj",
        "Savar",
        "Dhamrai"
    ],
    "Faridpur":[
        "Faridpur Sadar",
        "Boalmari",
        "Sadarpur",
        "Char Bhadrashon",
        "Bhanga",
        "Nagarkanda",
        "Madhukhali",
        "Alphadanga",
        "Saltha"
    ],
    "Rajbari" :[
        "Rajbari Sadar",
        "Pangsha",
        "Goalondo",
        "Kalukhali",
        "Baliakandi"
    ],
    "Gopalgonj":[
        "Gopalgonj Sadar",
        "kashiani",
        "Tongipara",
        "Muksudpur",
        "Kotalipara"
    ],
    "Madaripur":[
        "Madaripur Sadar",
        "Kalkini",
        "Rajoir",
        "Shibchar"
    ],
    "Sariyatpur":[
        "Sariyatpur Sadar",
        "Damudda",
        "Noria",
        "Jagira",
        "Vedorgonj",
        "Goshair Hat"
    ],
    "Borguna":[
        "Betagi",
        "Taltoli",
        "Pathaorghata",
        "Bamna",
        "Amtali",
        "Barguna Sadar"
    ],
    "Bhola":[
        "Monpura",
        "Charfassion",
        "Tajumuddin",
        "Borhanuddin",
        "Bhola Sadar"
    ],
    "Jhalokathi":[
        "Nalchiti",
        "Rajapur",
        "Kathalia",
        "Jhalokathi Sadar"
    ],
    "Barisal":[
        "Muladi",
        "Gournadi",
        "Agoil Jhora",
        "Barisal Sadar",
        "Hijla",
        "Ujirpur",
        "Mehedigonj",
        "Babugonj",
        "Bakergonj",
        "Banaripara"
    ],
    "Patuakhali":[
        "Patuakhali Sadar",
        "Golachipa",
        "Kolapara",
        "Dosmina",
        "Bauphal",
        "Rangabali",
        "Dumki",
        "Mirjagonj"
    ],
    "Perojpur":[
        "Perojpur Sadar",
        "Mothbaria",
        "Nazirpur",
        "Nesarabad",
        "Zianagar",
        "kaukhali",
        "Bhandaria"
    ],
    "Khulna":[
        "Khulna Sadar",
        "Sonadanga",
        "Daulatpur",
        "Phultola",
        "Dumuria",
        "Terokhada",
        "Degholia",
        "Rupsha",
        "Batiaghata",
        "Dakop",
        "Koira"
    ],
    "Norail":[
        "Norail Sadar",
        "Kalia",
        "Lohagora"
    ],
    "Magura":[
        "Magura Sadar",
        "Sreepur",
        "Salikha",
        "Mohammadpur"
    ],
    "Satkhira":[
        "Satkhira Sadar",
        "Shyamnagar",
        "Assasuni",
        "Tala",
        "Kaligonj",
        "Kolaroa",
        "Debhata"
    ],
    "Bagerhat":[
        "Bagerhat Sadar",
        "Kochua",
        "Rampal",
        "Saron Khola",
        "Morolgonj",
        "Mollarhat",
        "Chitolmari",
        "Fakirhat",
        "Mongla"
    ],
    "Jhenaidah":[
        "Jhenaidah Sadar",
        "kaligonj",
        "Kot Chandpur",
        "Horina Kundu",
        "Shyola Kupa",
        "Moheshpur"
    ],
    "Jessore":[
        "Jessore Sadar",
        "Keshobpur",
        "Jhikor gacha",
        "Monirampur",
        "Bagharpara",
        "Chowgacha",
        "Sharsha",
        "Avoynagar",
        "Benapole"
    ],
    "Meherpur":[
        "Meherpur Sadar",
        "Gangni",
        "Mujib Nagar"
    ],
    "Chuadanga":[
        "Chuadanga Sadar",
        "Jibon Nagar Upozila",
        "Damur Huda Upozila",
        "Alamdanga Upozila"
    ],
    "Kushtia":[
        "Kushtia Sadar",
        "Kumarkhali",
        "Daulatpur",
        "Bheramara",
        "Khoksha",
        "Mirpur"
    ],
    "Sylhet":[
        "Sylhet Sadar",
        "Gopalgonj",
        "Biwanibazar",
        "Jokigonj",
        "Companigonj",
        "Jaintapur",
        "Dakhin Surma",
        "Fenchugonj",
        "Bishwanath",
        "Balagonj",
        "Gowainghat",
        "Kanaighat"
    ],
    "Sunamgonj":[
        "Sunamgonj Sadar",
        "Jamalgonj",
        "Jagannathpur",
        "Sulla",
        "Dharam Pasha",
        "Bishwambharpur",
        "South Sunamgonj",
        "Chatok",
        "Deora Bazar",
        "Derai",
        "Tahirpur"
    ],
    "Mowlovibazar":[
        "Mowlovibazar Sadar",
        "Rajnagar",
        "Kulaura",
        "Juri",
        "Boro Lekha",
        "Komolgonj",
        "Srimangal"
    ],
    "Hobigonj":[
        "hobigonj Sadar",
        "Bahubal",
        "Lakhai",
        "Nobigonj",
        "Chunarughat",
        "Madhabpur",
        "Benia Chang",
        "Ajmirigonj"
    ],
    "Tangail":[
        "Tangail Sadar",
        "Bashail",
        "Delduar",
        "Mirjapur",
        "Bhuapur",
        "Ghatail",
        "Nagorpur",
        "Kalihati",
        "Sokhipur",
        "Gopalpur",
        "Dhanbari",
        "Madhupur"
    ],
    "Keshoregonj":[
        "Keshoregonj Sadar",
        "Hossainpur",
        "Karimgonj",
        "Pakundia",
        "Nikli",
        "Bajitpur",
        "Kuliarchar",
        "Bhairab",
        "Methamoin",
        "Itna",
        "Kotiadi",
        "Ostogram",
        "Tarail"
    ],
    "Netrokona":[
        "Netrokona Sadar",
        "Atpara",
        "Barhatta",
        "Mohongonj",
        "Kalmakanda",
        "Durgapur",
        "Madan",
        "Kendua",
        "Purbodhola",
        "Khalia Juri"
    ],
    "Jamalpur":[
        "Jamalpur Sadar",
        "Islampur",
        "Dewangonj",
        "Sarisha Bari",
        "Madargonj",
        "Bokshigonj",
        "Melandaha"
    ],
    "Sherpur":[
        "Sherpur Sadar",
        "Nalka",
        "Nalitabari Upozila",
        "Jhenaigati Upozila",
        "Sribordi Upozila"
    ],
    "Mymensingh":[
        "Mymensingh Sadar",
        "Muktagacha",
        "Phulbaria",
        "Bhaluka",
        "Trishal",
        "Gofor gaon",
        "Nandail",
        "Ishwargonj",
        "Dhobaura",
        "Gouripur",
        "Phulpur",
        "Haluaghat",
        "Tarakanda"
    ],
    "Noakhali":[
        "Noakhali Sadar",
        "Begumgonj",
        "Companigonj",
        "Subornocha",
        "Sunaimuri",
        "Chatkhil",
        "Shenbagh",
        "Kabirhat",
        "Hatia"
    ],
    "Feni":[
        "Feni Sadar",
        "Dagon Bhuiyan",
        "Fulgazi",
        "Porshuram",
        "Sagalnaiya",
        "Sonagazi"
    ],
    "Laxmipur":[
        "Lazmipur Sadar",
        "Raipur",
        "Ramgoti",
        "Ramgonj",
        "Kamalnagar"
    ],
    "Chandpur":[
        "Chandpur Sadar",
        "Matlab South",
        "Faridgonj",
        "Hajigonj",
        "Haimchar",
        "Matlab North",
        "Kochua",
        "Shaharasti"
    ],
    "Brahamanbaria":[
        "Brahmanbaria Sadar",
        "Sarail",
        "Kosba",
        "Bancharampur",
        "Nabinagar",
        "Bijoy Nagar",
        "Ashugonj",
        "Akhaura",
        "Nasir Nagar"
    ],
    "Comilla":[
        "Comilla Adarsho Sadar",
        "Comilla Sadar Dokhin",
        "Brahman Para",
        "Daoud Kandi",
        "Buri Chang",
        "Choddo Gram",
        "Laksham",
        "Monohorgonj",
        "Meghna",
        "Homna",
        "Titas",
        "Nangolkot",
        "Muradnagar",
        "Barura",
        "Chandina",
        "Dabidar"
    ],
    "Chittagong":[
        "Kotwali",
        "Panchlaish",
        "Chandgaon",
        "Bandor",
        "Pahartoli",
        "Double Muring",
        "Anwara",
        "Putia",
        "Boalkhali",
        "Satkania",
        "Chanda Naish",
        "Bash Khali",
        "Lohagora",
        "Sandip",
        "Hathajari",
        "Mirasharai",
        "Fatik Chari",
        "Rangunia",
        "Sitakundu",
        "Raujan"
    ],
    "Cox's Bazar":[
        "Cox's Bazar Sadar",
        "Moheshkhali",
        "Kutubdia",
        "Teknaf",
        "Ramu",
        "Ukhia",
        "Chokoria",
        "Pekua"
    ],
    "Khagrachari":[
        "Khagrachari Sadar",
        "Panchari",
        "Mohalchari",
        "Dighinala",
        "Matiranga",
        "Laxmichari",
        "Manikchari",
        "Ramgarh"
    ],
    "Bandarbon":[
        "Bandarbon Sadar",
        "Thanchi",
        "Ruma",
        "Roang chari",
        "Alikadam",
        "Lama",
        "Naikhang Chari"
    ],
    "Rangamati":[
        "Sadar",
        "Barkal",
        "Longodu",
        "Baghaichari",
        "Naniar Char",
        "Kao Khali",
        "Rajasthali",
        "Belaichari",
        "Jurachari",
        "kaptai"
    ],
    "Bogra":[
        "Bogra Sadar",
        "Shajahanpur",
        "Saria Kandi",
        "Shibgonj",
        "Gabtoli",
        "Dhunot",
        "Sonatola",
        "Dupchachia",
        "Adamdighi",
        "Nandigram",
        "Sherpur",
        "Kahalu"
    ],
    "Pabna":[
        "Pabna Sadar",
        "Atghoria",
        "Ishwardi",
        "Bera",
        "Santhia",
        "Sujanagar",
        "Chatmohor",
        "Bhangura",
        "Faridpur"
    ],
    "Rajshahi":[
        "Poba",
        "Putia",
        "Charghat",
        "Tanor",
        "Baghmara",
        "Bagha",
        "Mohonpur",
        "Godagri",
        "Durgapur",
        "Boalia",
        "Rajpara"
    ],
    "Natore":[
        "Sadar",
        "Singra",
        "Bagatipara",
        "Boraigram",
        "Gurudaspur",
        "Lalpur",
        "Naldanga"
    ],
    "Chapainawabganj":[
        "Chapainawabganj Sadar",
        "Shibgonj",
        "Gomostapur",
        "Nachol",
        "Bholahat"
    ],
    "Nogaon":[
        "Nogaon Sadar",
        "Raninagar",
        "Atrai",
        "Niamatpur",
        "Porsha",
        "Sapahar",
        "Manda",
        "Dhamorhat",
        "Badalgachi",
        "Potnitola",
        "Mohadebpur"
    ],
    "Joipurhat":[
        "Joirpurhat Sadar",
        "Akkelpur",
        "Kalai",
        "Panch bibi",
        "Khetlal"
    ],
    "Sirajgonj":[
        "Sirajgonj Sadar",
        "Kamar Khand",
        "Belkuchi",
        "Kazipur",
        "Chowhali",
        "Shahadpur",
        "Tarash",
        "Ullapara",
        "Roygonj"
    ],
    "Nilphamari":[
        "Nilphamari Sadar",
        "Dimla",
        "Jaldhaka",
        "Domar",
        "Keshoregonj",
        "Saidpur"
    ],
    "Thakurgaon":[
        "Thakurgaon Sadar",
        "Baliadangi",
        "Pirgonj",
        "Horipur",
        "Ranisankail"
    ],
    "Gaibandha":[
        "Gaibandha Sadar",
        "Gobindagonj",
        "Phulchari",
        "Saghat",
        "Sundargonj",
        "Palashbari",
        "Sadullapur"
    ],
    "Lalmonirhat":[
        "Lalmonirhat Sadar",
        "Aditmari",
        "Hatibandha",
        "Kaligonj",
        "Patgram"
    ],
    "Kurigram":[
        "Kurigram Sadar",
        "Rowmari",
        "Rajibpur",
        "Chilmari",
        "Ulipur",
        "Rajarhat",
        "Phulbari",
        "Nageshwori",
        "Bhurungamari"
    ],
    "Dinajpur":[
        "Dinajpur Sadar",
        "Parbotipur",
        "Phulbari",
        "Birampur",
        "Hakimpur",
        "Nawabgonj",
        "Ghoraghat",
        "Bochagonj",
        "Berol",
        "Kaharol",
        "Birgonj",
        "Khansama",
        "Chirir Bandor"
    ],
    "Rangpur":[
        "Rangpur Sadar",
        "Gongachora",
        "Badargonj",
        "Taragonj",
        "Kaunia",
        "Pirgacha",
        "Methapukur",
        "Pirgonj"
    ],
    "Panchagarh":[
        "Panchagarh Sadar",
        "Atwori",
        "Boda",
        "Debigonj",
        "Tetulia"
    ]
}
